amount,hour,day_of_week,week_of_month,amount_deviation,freq_deviation,is_fraud
722.460868857088,19,0,2,0.12704704830027191,-0.14968126498858375,0
1061.401656388894,8,6,3,-0.07031664297581044,-0.209775629449214,0
1100.3490795303014,7,6,2,0.3927952150882156,-0.3680306203654909,0
561.6074701660473,12,1,4,0.3309687943824293,-0.07966214238877088,0
433.2767760303391,18,4,3,0.035426663027153596,-0.07654925250643634,0
977.5406282524029,7,1,1,0.08306767093386787,0.40091383736304725,0
817.6723355567582,13,1,3,-0.02083488233187189,0.6097011074131014,0
882.7798696357903,7,6,4,0.5612072655693406,0.32865672344874286,0
27482.807438995664,23,2,1,5.089705272714423,3.0580791430105836,1
962.702769490039,15,1,2,-0.08615558619459845,-0.34013130762591853,0
784.4211783844688,11,6,4,-0.1165983619210135,-0.13183905400406706,0
814.5494707326932,13,5,3,0.1052003887453922,0.146045564144785,0
862.0152317955486,7,2,1,0.4480278539930652,0.7478216599915555,0
17810.47740790334,4,3,3,5.110558564530459,0.31152720596653705,1
29327.18856986332,0,2,2,9.370588796779213,3.622818694901351,1
11734.614592088366,3,3,1,5.3265012668018645,2.0551195758551506,1
996.0286806783222,11,1,1,0.0865014377070981,-0.34547806002238685,0
17368.264616340937,1,3,3,10.215505281115327,2.2605985095824503,1
1027.0742285722554,11,3,1,-0.4530642252376129,0.013860982744486071,0
664.3392753770269,17,3,4,0.0949489828799722,-0.22989460488471167,0
1032.5331940770968,7,2,2,0.04601797363500818,0.16376365132174356,0
644.4124851360762,21,0,1,0.18308760256580958,-0.18708075288880788,0
1165.7921180873977,17,4,3,0.6449580988420316,0.005697355992032482,0
926.2971633610904,11,2,4,0.001237180492297596,0.21987256723126036,0
1083.1805084712025,15,4,3,0.018880917371367406,-0.3565166563794808,0
769.1707119864407,11,2,4,0.34352071299895054,-0.03474105299152983,0
1159.8456595572131,13,3,2,0.33711804308985166,0.3535352550954993,0
14595.300788532559,3,6,2,7.789551627778444,4.076995707282165,1
20712.909988426407,23,5,2,10.81859132888259,3.625079827965158,1
2240.997887875199,3,4,1,11.064735867401136,3.3413038835001028,1
781.7793149617789,11,6,1,0.1268778302105304,0.15478754303035322,0
1482.7724932014657,10,4,3,0.08358866894521862,0.60397393643838,0
906.421534794187,20,3,3,-0.2508830007436482,0.19350500679451807,0
600.9878339545589,14,6,2,0.34815183988636667,-0.06832966367440285,0
902.2852111121318,13,5,1,0.01597941193573739,-0.0783793173123762,0
898.9756266559857,9,1,4,0.10401274381475878,-0.07904317505371061,0
1199.6748880593464,20,1,3,0.26809875346967704,0.4269285448534859,0
1042.8792965261318,10,6,2,-0.00971503569386277,0.12136355792584701,0
5282.653381531509,0,3,3,12.649852018727984,6.889524475300979,1
1093.6556709182962,20,1,1,-0.12151297426313243,0.11359179715141066,0
665.5985614810368,19,5,2,0.18292430927612635,0.32197734953674717,0
635.4600775291195,18,0,1,0.011695682941825061,-0.3414980180882828,0
1248.7869052335584,13,4,3,0.015779979744786454,-0.09787310448714845,0
23793.47195028249,1,1,3,5.621090624904014,3.81227450941088,1
965.599096742822,17,1,3,-0.6116586584190543,-0.2629694472549591,0
677.5177056033165,20,3,2,-0.3826420127809915,0.3291982521608601,0
24886.263143953132,2,0,3,2.0,6.094178972263219,1
784.4922225288699,8,1,2,0.0848115660829027,0.21531768262501902,0
985.5780881389835,12,2,1,-0.4204928246136298,-0.5574727986337606,0
1185.497056736901,10,0,3,0.5800141843958824,-0.49787905149792133,0
610.3745481169905,15,4,2,0.23619868943408767,-0.033649170033175184,0
12450.615275385568,4,0,1,12.488512079339628,2.104267176447079,1
846.7225019982089,14,3,4,-0.23019837927030798,0.42809543016794077,0
849.496533139407,15,4,4,0.028068696131922477,-0.10047961118208217,0
869.0941035862396,8,5,4,-0.013411787519442997,-0.05868669924230649,0
1328.3295201740923,14,3,4,0.47773445480042076,0.41511610835789975,0
948.3289043353502,13,1,2,-0.1714422509643266,0.10189253001400525,0
1075.8795949725657,18,6,2,0.33176194227482825,-0.009742297175236515,0
948.4993582542443,18,3,1,-0.17063334145431533,-0.296116546361066,0
803.7517752269175,12,1,1,0.006508169815084008,-0.5657284831713384,0
959.1987979374198,20,0,1,-0.39424888971423155,0.10260103722630635,0
805.9254691414409,9,0,3,0.2900264623082047,0.0355992509171988,0
949.5331802217886,11,5,2,-0.469344349969933,0.39664076822354305,0
833.1753118598376,12,6,1,0.7703158738593046,-0.2753126923500778,0
772.6769433795529,9,6,3,-0.2420620569953474,-0.05096234507392176,0
1090.410730627978,19,1,3,0.39094134621752363,0.07700834971292561,0
719.5153810414974,9,0,1,0.2730125084630205,-0.18827317236330876,0
12953.41492605934,4,0,1,4.627469367953003,3.7169191527335363,1
644.8627353324157,13,3,1,-0.012022681047164682,0.08188672645901665,0
864.154674910049,9,6,3,0.48597703938617,0.19075300147977967,0
832.1933848198875,10,4,4,0.10338330898559804,0.07694759353306199,0
990.7931158617392,16,2,3,0.0736492964188901,0.5822600817545606,0
655.5251374920194,11,2,1,-0.15859470659401245,0.17053329167838385,0
1137.5450186523874,8,3,4,0.05346091314027989,-0.015142221834426546,0
1194.2983945986314,18,4,3,0.39405726150154663,-0.013419880256360393,0
879.3023463868078,21,4,2,-0.09326247511593447,0.26170460398853057,0
1233.577522223904,16,5,1,-0.38508782004948383,-0.22964859031267473,0
1030.1185575649401,10,2,1,-0.009313187867972542,0.24583427178536926,0
1222.223229699924,13,0,4,0.21796893309544818,-0.22825942351445302,0
1160.0089189397918,16,5,2,-0.12349488161769243,-0.8248306158115666,0
866.614413978287,10,2,2,-0.07300954667825066,0.0712014311381541,0
830.2549855503125,12,0,2,0.1155094964285844,0.003971001840501061,0
977.1693105113002,13,1,4,0.30521137393521436,-0.14541922846469818,0
807.5296414670865,21,0,1,0.24430859942909658,0.22072000808404912,0
1097.9167869189705,11,1,1,-0.07305454194449376,-0.6329851940639916,0
1041.3699281798101,14,1,3,-0.1851608621557226,0.13431450902852043,0
22865.919755563235,4,5,4,9.888038273512295,1.9667504760505226,1
857.8619971273687,8,2,2,-0.2093606205318755,-0.5797767062821831,0
1309.7511301726572,14,2,2,-0.1350203161689861,-0.04412204985258125,0
886.6093654203598,11,6,1,-0.19493057829748253,-0.4076631737769047,0
579.548091788215,9,2,4,-0.11053008388003474,0.2292343216505369,0
969.7551788092591,12,3,1,0.20768693219544135,-0.6585551239566626,0
1167.1568672640465,20,4,2,-0.19587203315497922,0.26680387613170475,0
869.09886415002,7,2,1,0.5409811692823693,0.05313594900150906,0
859.4172030408904,11,6,2,0.39365240237115995,-0.5000273798970711,0
793.2199523252891,12,5,3,-0.046134068244553406,0.18032755122428812,0
968.1582816004212,8,6,2,-0.4685137549843643,0.2733684015571943,0
996.1493317811818,13,1,4,0.10422162486205144,0.15685312822470912,0
1017.2444662718556,21,6,1,0.010104080783390326,0.12057848492364374,0
906.1834556065398,8,6,1,-0.7218599366868438,-0.3646969105415885,0
587.3044104262624,16,4,3,0.06512000640689028,0.5920564310441012,0
1069.3167971686808,10,4,1,-0.27782392001184,-0.1518507800077002,0
2212.011743893736,1,1,2,6.0895908266672825,1.2662952801532905,1
986.9532148933238,11,1,3,0.5440297611141748,0.13989863165112496,0
842.7554100318662,18,2,2,0.40585327529938886,-0.11297841690704558,0
832.5349675862988,13,3,3,0.13416255824260367,0.43745124224373283,0
882.5811657894981,19,5,1,-0.3286446302678835,0.32271689024825756,0
16771.00203180983,4,4,2,7.478423044321879,0.20467223810964308,1
868.6724204683819,19,5,1,0.6658567475668244,0.12386741856672018,0
6014.576143296306,3,1,2,8.861375173154997,3.131966603836492,1
951.645764664539,10,3,1,0.03581405684175651,0.07965859473494158,0
476.6691102058938,11,4,4,0.45345545584515534,-0.28357696556201284,0
24896.404334739753,23,3,4,7.885286849300803,4.972348095781424,1
819.601483974159,12,1,2,0.36956658404278486,-0.28089638251358806,0
806.1195319594552,8,6,2,-0.4568934701343371,-0.11205419915425407,0
873.7826698624547,11,5,3,0.22231851088541166,-0.5179820043371335,0
985.7512876923226,7,4,4,-0.02798149491772986,0.07655800552680493,0
18757.81871788039,2,6,2,16.36667635758195,2.4644108526496344,1
586.8481855638971,10,6,3,-0.18705101386389397,0.07243564788072879,0
852.6299470980631,12,0,1,-0.10926716197889241,0.2898389043012318,0
9063.892600882078,0,0,4,10.170061774142201,1.820237336892389,1
828.3966623851142,15,1,4,0.047509588985746566,-0.022043598477120115,0
897.5830698423465,9,1,3,0.30279365674207703,0.17015121210590825,0
852.3652512050669,8,2,1,0.33667236501497183,0.3005501908648223,0
867.4668158910184,7,2,1,0.047090214853200904,-0.390533921224053,0
722.2405373538163,16,2,2,0.0940294987280244,0.0037735507055499744,0
685.5733957146282,18,5,1,0.08100404208671202,-0.04620999497275995,0
604.6284366308537,9,1,4,0.2167112771301289,-0.4547075764540415,0
21833.91888461466,4,3,2,9.133147192602582,1.2124873234110556,1
730.9909344061698,13,4,3,0.26316310123365405,-0.5360179781534731,0
545.0075880715743,8,6,3,0.19067746554563836,0.17435964359827572,0
1093.7995740551717,15,0,1,0.1553100121526992,-0.029658934788685757,0
1102.5431635639657,12,6,3,-0.00640919088790326,0.07652461316032753,0
15207.69690746804,0,1,1,4.267097797242659,1.6433002423177119,1
1212.9436043339808,18,3,2,0.2992876906166907,0.026852699929144224,0
772.2244303513316,11,6,4,0.28149801270366204,0.29617420589502286,0
695.300501475627,16,3,4,0.18318685936325405,0.31440887328517575,0
1100.551565060921,18,0,3,-0.6150166108872085,0.23304230965954395,0
829.5732899023541,18,5,3,-0.13964172346789458,-0.39640922149358077,0
716.1095427996777,21,1,1,0.17032933494462932,0.17155775479101296,0
923.3371618281457,8,4,1,-0.22267168584290462,-0.46434984982197336,0
1267.3827056642629,12,6,4,0.14502433910350723,0.14390715917925911,0
1125.6037714698605,12,1,3,-0.17456771634599713,-0.1899762606820782,0
551.0828026051615,21,3,4,-0.48825367954085974,0.33409791202238964,0
4169.53984362514,0,2,1,21.084104488858358,0.7273942742149391,1
5304.722240149786,23,4,3,4.991854985390832,1.1536697519436139,1
859.5833509221192,18,4,1,0.37364571879303365,0.22512706632107302,0
1325.8494224056597,18,5,2,0.15926688475825107,0.33134850756167034,0
667.5840974531426,12,2,3,0.36090272700834736,-0.5557268744966863,0
861.8697884989681,16,1,3,-0.3566597825574285,0.5230865601874696,0
934.392066487412,17,1,4,-0.3857215460354494,-0.41685700566543776,0
800.1408802921696,19,1,2,0.03571751723366044,-0.04596928807746425,0
24597.838242753365,3,5,2,9.038445391612857,1.7563280187911905,1
978.5654936519838,10,3,1,0.2843320368677424,-0.46477715290327304,0
20138.53717200396,4,2,1,2.9150033603503873,5.312682593798046,1
582.0865013382063,20,0,3,0.2919808497402374,-0.03460049844220083,0
1246.4623210819889,12,3,1,0.28487061896599386,-0.0939126857778616,0
707.2723111262392,10,2,2,0.6178397124008529,-0.06985521483467547,0
563.4260456768391,18,6,2,-0.08485252525235715,-0.6134184789014462,0
29803.705870750033,4,2,2,7.467694231954932,1.8072566647264445,1
815.2786787078323,10,1,3,0.16325938062642614,0.27805677407296236,0
788.7616082301749,19,5,4,-0.2966587898262346,0.06853820451969635,0
821.907210107438,16,6,4,0.3250444789697001,0.2359550253995491,0
1269.5650025912091,12,3,2,0.36159264991570217,-0.011673010435865256,0
12367.57062361427,23,0,3,13.110120766961096,1.8793455343404646,1
795.4562607660639,9,6,3,-0.03914013240543035,-0.27782341210514766,0
548.6556435042835,9,3,3,-0.006376264175407417,0.49329051307010713,0
815.0452544413818,14,1,4,0.27200874105188355,0.4102204583215266,0
1065.5976353594117,10,1,4,-0.030719026450021863,-0.11315786243672134,0
1135.4823777955387,17,2,2,-0.598129939083593,-0.24554928072311547,0
976.678772870699,10,3,4,-0.03830788417425143,-0.48187704548861465,0
1419.5347453191664,8,1,4,0.1928238519279774,-0.08522970160823488,0
986.8847287091714,13,5,4,-0.3456686009693214,-0.2535961394932706,0
14556.373001536682,23,6,4,4.209254657443298,7.853335517462739,1
744.1035206549161,14,2,2,-0.1468106069237303,-0.09867596110001314,0
688.2927836043182,16,6,3,0.19832394098558487,0.049654638605028716,0
850.9444308115781,17,6,3,0.24410028876441386,-0.3075537583332527,0
625.0208383260036,15,1,4,-0.16495988934653735,0.6702279242393193,0
968.9209809500715,19,4,2,0.6663771914588398,0.22781556264922295,0
984.0377197449875,7,3,4,0.10324062545680456,-0.07907704504747305,0
838.2653888907175,7,6,1,0.161412005806159,0.21636761183993758,0
1056.968807321627,13,2,4,-0.2032606753568952,0.18924004924380594,0
499.2955415866972,20,4,2,0.1321315090028415,-0.07404713865347572,0
1191.0091152541422,12,3,4,0.46222750849336025,0.32441243818114396,0
973.0948945285669,19,2,3,-0.5384508625957436,0.2948748619385285,0
1067.625313578876,14,0,3,-0.37465010483807537,0.3985436432375193,0
946.5756040274337,17,4,4,-0.11082648794636121,0.32623638604453936,0
1196.2911095317945,11,3,1,-0.1722852518301801,0.27303044848193136,0
20300.209038250243,3,4,3,3.669172710852737,4.53068507227257,1
721.3738756830274,18,5,3,-0.0018815076819705817,-0.04261188246988205,0
6617.278249041439,2,3,1,7.042005457653015,0.21897513273881053,1
365.4331133794125,8,1,1,-0.02037648179594717,0.5343680782744704,0
726.1905504270435,10,1,3,-0.10821299715729255,0.25852754826101015,0
867.3114202950975,19,6,4,0.48730871655524066,-0.4370956262343803,0
803.1661133332843,12,6,4,0.4420759842832841,0.29299961099343896,0
501.38792578916883,21,2,4,0.5307982053303143,-0.08494899866595178,0
760.2139142842507,21,4,3,0.27135221988731417,0.08320325391606445,0
724.3695266142498,17,0,3,0.22149469567740304,-0.1858928949042035,0
989.2644295086127,9,2,3,-0.42038344908115854,0.10897892377425925,0
1025.1180787934672,19,6,1,-0.04052770936983732,-0.028765080769791264,0
986.1642006015766,11,3,3,0.19572845020707225,0.06659483330288135,0
1027.4941805302242,20,0,3,0.5341176088093306,0.43224377940127895,0
743.5167332077108,7,6,1,-0.15665793587257273,0.18698731987559122,0
693.5474658844327,7,6,1,-0.019864682476528533,0.13393830637355622,0
834.747598995392,19,3,2,0.16814883951623982,-0.05136982322769786,0
795.8823174289178,16,6,1,0.04713608231140725,-0.07581669377191755,0
719.4145643825948,21,0,4,0.13806009288875276,0.0727932813971586,0
17556.43205378689,0,3,4,10.003252534184444,2.071176361537639,1
1087.1094250930298,21,1,1,0.45368637357749453,0.4385397502641915,0
527.6309693514977,21,6,4,0.4169156758092649,0.40550441185803215,0
1058.669447039985,21,2,1,0.20051271026122397,-0.05112289717049464,0
702.0923759936272,10,6,1,-0.2109745924608971,-0.30480495882246655,0
8954.82626859846,0,1,4,4.837862201108322,2.835348643614532,1
876.4778289149758,12,0,4,-0.4300885694390163,-0.09881746122380829,0
963.8800527582457,13,6,1,-0.06260117105779131,-0.5558183585070834,0
1027.5067621795392,18,0,2,0.12103394761996492,-0.06514308392289421,0
883.6824460629758,18,6,3,0.050870768763339506,0.3156224658071228,0
665.6866742349316,20,4,1,0.4627793705276133,0.3062648463007422,0
18338.966424254635,1,6,1,8.817390748835816,2.433313652585001,1
855.6927768538399,13,5,3,0.3339608837568329,-0.3301695999090455,0
689.4202978592102,13,2,2,0.4329908929317099,-0.14713864820811312,0
955.6287452909254,7,0,4,0.31954401829626633,-0.39668591877005527,0
18171.894539287347,1,0,3,8.040986736067593,4.179700492630545,1
913.5158138977783,14,3,1,0.30324545262741814,-0.08111896674100752,0
2000.0,2,3,3,9.675191312802191,0.0,1
1050.0902391612915,14,6,3,0.24890291030221945,-0.008230006255117078,0
849.324486210397,11,4,1,-0.14804273161792206,-0.3571451264065066,0
973.6713225401317,18,5,2,-0.47497924025546323,-0.13317049092562686,0
28141.87441550104,1,0,3,13.631035221016791,1.6159701015355723,1
792.2457364764514,11,4,2,0.05307355625701043,-0.01253916836265376,0
1223.2419363302415,11,3,3,-0.1482752722203984,0.29279698494475237,0
11738.153827164533,3,4,4,8.465873660205688,4.773652657598407,1
1186.6429013212346,19,5,3,-0.1499787774611739,0.5946780900436769,0
609.0355029484422,8,5,2,-0.34566174785668213,0.14137513735376808,0
737.2454543504244,9,5,2,0.9111955321838159,-0.017712665191516628,0
818.7169967230769,10,0,3,0.07151040682219849,0.19221873306087606,0
781.8585972073028,7,3,3,0.5438386431556579,-0.42661552984203976,0
6187.0253634059045,3,6,2,4.537207276472938,2.925678430132234,1
823.3625357728024,14,2,3,-0.16700622492908088,-0.2726993083541152,0
697.2565267119203,19,3,1,-0.19148563190388793,-0.14842452915771365,0
1088.1129432782427,14,0,2,0.373371413370684,0.09133065684414467,0
489.9655797937955,19,0,2,0.11678180503972022,0.20298436553295762,0
1058.1612243380162,12,3,3,0.16343804570917514,0.1651300532804356,0
907.7826413802919,13,0,4,-0.25973513784356905,0.11910948068819405,0
833.1087655288246,9,2,2,0.5070289472391889,0.11854284570951765,0
554.5359153615302,21,2,2,-0.09477887588304085,0.6230133977577071,0
691.8912121684931,16,1,3,0.2893714984201443,-0.15325036771590467,0
931.7079382153429,8,4,3,0.06345843278399992,0.04173352192847756,0
660.832070882192,14,0,2,0.11104164972908642,-0.14767412662961588,0
952.743440871304,9,3,3,-0.24795178573008955,0.10108700281805716,0
827.3892306869857,13,0,2,-0.17932204638263097,-0.03570855198003757,0
9184.045020741225,2,1,4,5.136570224875067,3.595866353936829,1
869.7896244786142,9,6,2,-0.15884000587198102,-0.21807748767904706,0
12213.045094127423,4,6,3,3.230072292870089,6.543018564973492,1
1006.0129411202934,13,0,1,0.20763882517187632,-0.1573244678913129,0
1050.173797746252,16,5,1,-0.20549465970837746,-0.16715115811592987,0
1225.7873895247983,18,0,3,-0.14503795378107678,0.3413870308200146,0
18213.991354557973,1,4,2,7.8921766542591705,3.500595345329678,1
26252.924269205156,4,1,3,6.266292060873964,2.0688264408227997,1
639.5640986275364,9,6,4,0.24681518168152275,0.008498023524882289,0
911.6548661870893,10,5,2,0.04963777917210664,0.21550436606824885,0
808.2649430121334,21,3,3,0.07803450280485356,0.8443342359798484,0
700.5506344797036,11,0,1,-0.03684685883460734,-0.13250753825189826,0
931.0858655336932,15,0,3,-0.6317748915717847,-0.177593642318994,0
954.0686478563451,21,0,1,-0.03215235825439802,-0.04851630091237411,0
16848.079818044112,4,0,1,2.0,0.0,1
1105.1673685770477,17,1,2,0.10601118725989352,-0.3815565553502655,0
921.5760888686066,12,5,4,0.09932492664875278,-0.48841266418536333,0
1409.8655905214005,16,5,3,-0.1558813453376817,-0.014877092364581802,0
1161.9101369721054,13,4,2,0.3445948216514899,-0.10445093725100245,0
1117.057400889182,11,4,3,0.4114869786951457,-0.011326510334559173,0
1220.355778264183,9,6,1,0.27378459139627986,-0.517606278602311,0
18158.490169168726,0,3,4,11.619674074775537,0.35123558384622333,1
826.3502086423939,16,0,3,0.5714007448247103,-0.16450366135950553,0
861.731202660988,19,3,1,0.08329448420500171,0.2924255445259744,0
729.391214485284,12,6,4,0.16452944074571083,0.6094200494335509,0
1028.6653589378088,19,3,3,-0.047966553651773186,-0.23294232244450916,0
774.482492712616,9,3,2,0.07756932353058166,-0.3768164378604114,0
767.6148117866697,16,2,3,0.31782950843390034,0.3779117558641218,0
1078.8426657026819,15,6,1,0.07179544777445335,-0.5125199678860043,0
732.5073191829615,18,6,2,0.24858188382057939,0.48164501483818933,0
1111.8447477792643,12,6,1,0.4427767668370345,-0.05964948089366154,0
794.1121145267853,13,0,4,0.5506087755529391,0.30742702012523176,0
849.6045243586229,17,4,1,0.2766109834645452,0.05575037325567466,0
634.7214564520872,7,5,2,0.22583946785597447,0.3192628466574026,0
1037.1498070549324,19,5,2,0.652645197570479,-0.31416262802311085,0
870.4942639519294,16,6,1,0.298584276829155,0.3405824194959566,0
976.6754226364941,8,0,3,0.5305018533966804,0.1480295964551086,0
1275.368922256334,13,4,3,0.9302307676096779,-0.29432981024046434,0
3026.716186216958,2,6,2,4.166163577218946,0.011775328562443121,1
34570.54287128259,3,2,2,6.452413797394989,4.4550673872515985,1
1099.1402771799847,15,0,1,0.11235400610475325,-0.14901741083811162,0
1079.0369963943372,8,3,4,-0.400410379966729,0.030546183930989585,0
676.5231774020784,11,1,3,0.15487441903861152,-0.2935322640124303,0
1099.964849382059,11,3,2,-0.029969796986906355,-0.09394618167248424,0
1121.1986739814597,21,1,3,-0.18913255617031657,0.15752879219177926,0
20019.951173374757,1,6,2,5.315404819477314,2.6703112368404707,1
623.563696924592,11,2,2,-0.3865775380490628,-0.15018544379659596,0
836.7514815312836,12,2,3,0.11880949097101427,0.42297186518250834,0
1253.5859827159766,14,6,1,0.24328321892703114,0.08618722831090912,0
734.7541067272095,8,5,4,-0.21721602339898374,-0.07305841251745845,0
862.1511318127189,13,5,4,0.24993643128873966,-0.14830198505480824,0
918.3040356346417,15,1,1,0.7475977032114501,0.013953951064422414,0
781.119929560253,11,5,1,0.2626585857172768,0.09746541564737532,0
912.0771856848834,21,5,4,0.1424970092173077,0.46333484343560183,0
6675.193161267962,3,6,1,6.486859130543174,2.622511573977545,1
906.5564185752521,18,3,1,0.32190775252387693,0.16618605179859713,0
1167.2372200024342,13,0,2,0.14235070564979205,-0.4007161527913708,0
6549.228291972337,1,6,2,11.471102082104725,1.4959425550768812,1
769.4167710670577,19,1,3,0.5697338593609763,0.11541699437557021,0
643.7861586308336,16,2,1,0.4558427506356493,-0.5112298876942217,0
827.6459045111658,17,5,3,-0.07555653467810344,-0.0711779157292206,0
668.7304679469335,10,1,1,-0.28384903877416934,0.05311480425297375,0
1011.7097918548446,8,1,2,-0.3387372154562458,0.0028656858770539366,0
1122.9184889154753,16,2,1,0.3518704272322756,0.5013363685689741,0
1315.3961058107507,21,4,4,0.49844698626873907,0.038822861068760685,0
729.351329888236,11,5,1,0.35035766421071735,-0.21697070578225178,0
785.811267695641,21,1,2,-0.2939503154599812,0.1942841931658685,0
671.9678161747539,20,0,3,0.16920169071418772,0.12824431263625155,0
906.1262985188835,20,2,2,0.47733368526083286,0.2065835102936663,0
838.1306920559523,19,2,4,0.7032778337201542,-0.2504553458314505,0
1113.1960461575286,7,2,3,0.1740049448832232,0.039539528103245986,0
1072.7656027396376,17,4,3,0.5727032776511981,-0.32765469812608744,0
691.8827894975134,16,6,2,0.029454806015669383,0.06096208001817148,0
979.398260899768,21,3,2,0.2534541105757574,-0.14640597046858037,0
1384.0830024494805,11,4,2,-0.10369379430559461,0.6191683606970004,0
914.4067146465156,18,0,1,-0.020948803079014644,0.6185397458194825,0
865.9184837671592,13,1,1,-0.38245574336346244,0.33180188745083583,0
1040.3327296179134,13,5,2,-0.3622203488792245,0.14636500260586993,0
855.5554605802454,20,5,3,-0.31810174530985147,0.28121309007589435,0
888.6090917572942,17,2,1,-0.026152503031067253,-0.12884179376835034,0
987.8173357859152,13,1,1,-0.4583581053516669,0.3244351408885596,0
443.8524309256154,10,3,2,0.3942019882982277,0.16846234638589344,0
417.44393381410197,10,3,2,0.8374730817209679,-0.23989722668929322,0
960.9434159508862,15,0,2,0.16341594251448027,0.5852830448060076,0
913.309163171841,19,1,1,0.44013678176920357,-0.3395959320230883,0
717.8850232157102,20,0,2,-0.06057666998917349,-0.47458575523136975,0
698.2927916113784,8,6,4,0.18044883428659483,-0.05436931036401035,0
32147.57459821584,1,1,3,2.0,0.7041942496199822,1
810.2871583943291,9,4,1,0.07362805378923559,-0.2865934526459426,0
671.6123547715192,16,2,2,0.12481546055895666,-0.19541228702026567,0
1004.2334511464226,21,4,1,0.3414641697587137,-0.2784972392367082,0
809.003303931844,12,1,3,0.10400667746310187,-0.20090442842166092,0
971.3742118299019,13,2,4,-0.1770439339799911,-0.14124649733266081,0
1040.390725244254,19,4,2,0.2453360317745266,-0.2417154499838376,0
918.4253316868219,16,0,1,-0.06259502006785775,-0.0834288878963728,0
959.2836001617319,8,5,2,-0.11002520889376666,-0.4181505456103877,0
5529.92722351844,2,4,2,4.156014632302719,3.949632645726183,1
1033.0770217945574,8,0,2,-0.1440171237040029,0.42706784167950984,0
9908.031601213966,3,6,1,12.631876210262199,3.734107053361776,1
943.8765002727713,8,6,3,0.23399845458367102,-0.056773708970517506,0
1214.6709804950485,21,1,3,-0.05510426748630806,0.2609283561494869,0
15732.21151391089,2,1,4,5.242618991130634,4.751311063706601,1
861.739135023677,8,5,4,0.28090205602800294,-0.2522847416011374,0
930.5125024204937,12,6,2,-0.033820813537650124,0.3448130522873453,0
624.6627704887383,19,2,2,0.4688127152950313,0.37144809044695487,0
1245.470042832837,15,2,2,-0.06071446183082002,-0.1012289262318524,0
722.3732292532695,13,1,1,0.1436544416006786,-0.2006728020010258,0
585.5919488693519,20,5,1,-0.18740348021036876,0.30272994112020163,0
737.4117809379347,7,2,3,-0.6143802020365762,0.3157933252846684,0
603.8926974869967,10,1,1,0.17340457764620498,0.5635137395979388,0
418.015606840025,15,5,2,-0.4729288717238842,-0.24425099459583388,0
696.8841837584916,12,6,3,0.247689073581411,0.5478628040720399,0
873.772493959331,8,4,4,0.5470373026889715,-0.012102715960203727,0
1067.697840747269,9,2,4,0.3725179891801913,0.16383354926773416,0
982.5465223191977,12,1,2,0.3538912186923189,0.47580114928796,0
1170.1250241905313,14,5,1,0.3257151198138034,0.8535883184722917,0
1192.2888584484404,14,2,4,-0.7288026517021229,0.12554972236511533,0
955.2548358657108,19,6,1,-0.5577630472422226,0.05327733507707766,0
12561.057096052742,3,3,1,8.316860191216557,0.6162373781162498,1
891.8474947729133,21,5,4,-0.06396133790851338,-0.21784332080590788,0
704.808236777019,10,0,3,0.10216211811291105,-0.05065277556088984,0
982.8818866551993,11,6,4,0.4497016269651457,0.17739621865574529,0
654.8788472465503,15,0,2,0.43148214668731766,0.015549629697854018,0
925.568080633457,12,5,1,0.02223722220547504,-0.47998480022530343,0
1086.1676452701058,8,3,3,-0.146567531462912,0.15670806415034058,0
901.2678124724537,13,5,4,0.5230485985905808,0.030050891398042123,0
999.4321488107528,11,3,1,-0.4587454257874385,-0.3688522192078793,0
19502.86336145913,0,4,2,10.563140537010568,6.194055719701965,1
799.2084517178779,13,6,4,-0.28188572862191974,0.12610863775278713,0
687.5171176280874,12,0,1,-0.10753092290069391,-0.06193372752316184,0
816.9285479640629,21,3,3,0.4101358503816699,-0.02121467751733878,0
1002.2443629095069,18,2,2,-0.3219501881036698,-0.18954470672483423,0
754.1832324512783,11,1,2,0.04342416009819707,-0.35417830192604716,0
855.2282366239001,16,2,4,0.39990220596159665,0.11400698971458394,0
17589.75116463252,1,4,3,9.92954494932981,1.6287860152834754,1
1172.7724459627818,8,2,1,-0.29926317578404715,0.23166344320575144,0
1027.030189362881,15,1,2,-0.14179808264953928,-0.1995185161084869,0
14679.24070316451,2,4,3,20.095125810489563,1.3659826985158412,1
902.4106361203651,14,2,4,0.4422438368084143,-0.11243852243702498,0
1207.1511983991984,11,2,3,0.4494833335564383,-0.11933337418206244,0
1008.630853661039,7,3,4,0.0809473976685194,0.3747068090620485,0
435.92879752277105,12,3,2,0.1326106458440229,0.10438034315481318,0
1068.0616274914792,16,0,3,0.07057792944024772,0.13057618715131908,0
947.089673661986,17,5,4,0.14368909430316545,0.3146858599084327,0
844.9715497546632,11,5,4,0.4741634263427351,-0.17001390759304497,0
846.8322416169242,21,5,3,0.13712200432341706,0.14570668775715453,0
972.3843707857687,9,5,3,0.06752999850310804,0.2474813668842308,0
1071.0038648594557,7,1,3,0.25304161468403236,0.2307442505900423,0
8921.05659724068,3,5,2,12.180258663084494,3.5153914425531108,1
814.3344355673786,14,1,2,0.19722676669601413,0.07778629246047239,0
1287.4462324859032,8,5,1,-0.14474799439532976,0.11424877585130193,0
742.6868449791663,20,5,2,0.187361560339448,-0.0694340393066373,0
711.7755808150083,19,3,2,0.2765920455212208,-0.3637104879179177,0
777.2046397214206,20,4,4,0.049134785289866784,0.055815853095656565,0
734.658990616621,14,0,1,-0.19457295378524095,0.21572791382650103,0
15449.146721953339,4,4,4,11.924291194767331,5.5400858678538505,1
1131.0624072213393,9,6,4,-0.03742454050043828,-0.01827691641238051,0
1026.257645167708,8,3,4,-0.056461593435915,0.7079315802988835,0
986.9768542927295,11,6,4,0.09772981101065481,0.40873747320006387,0
1033.6652036215994,18,2,2,0.053460060645821976,0.18322264673885824,0
17371.06416093404,0,2,2,13.862640673381392,0.46680746053831523,1
884.0540872286383,12,5,2,-0.1452675194989896,-0.4762478471193904,0
994.3077045090278,14,6,2,0.5778736267368424,-0.5532361353502574,0
948.8208777956704,13,5,4,0.34021573650089665,-0.271929317783149,0
897.2706416409407,8,3,2,0.35295229300680064,0.041061996206815485,0
1150.345001713039,18,1,2,0.067439010194453,0.4994328176244814,0
674.4438470216572,14,2,2,0.4795479836464981,0.4646176675388585,0
1079.5630816821097,11,5,3,0.5398608458877046,-0.0668466527271634,0
833.7023655805491,18,2,4,-0.5297619027683732,0.21289855969136287,0
1075.6900602614546,7,6,4,-0.057131833562370615,-0.03751332475796526,0
656.8218151791739,9,6,2,0.10275197445463875,-0.40830507837224084,0
1016.1554190659593,9,2,2,0.2409474769614899,0.019193313410656422,0
1009.6855841659599,11,5,2,0.2525978629054296,-0.39707649042041676,0
533.8188348304939,19,5,1,0.0038378864987356626,-0.23870365250117592,0
735.5499965419359,21,0,1,-0.509485870598908,0.17557425940765678,0
823.6524212003342,15,2,4,-0.19974346739930368,-0.266941196804523,0
833.022994002845,20,4,1,-0.15524588671480785,-0.3676175398407324,0
1015.9122284952955,18,1,1,-0.04095957476587181,-0.1713407743079212,0
880.5426803173021,15,6,2,0.33710217453541114,0.45296120493609454,0
805.6950385100102,16,1,4,-0.16623914742264792,0.14553676766087428,0
869.4954935095283,18,0,3,0.10483882458280117,0.2321673542729597,0
1113.6943111978076,15,5,3,-0.2566640460792815,0.04146702764229084,0
1115.248031493277,21,2,4,-0.18246128066894032,0.019659774249015213,0
1138.228590617773,18,2,4,0.30056660297702076,0.22238453009550646,0
913.2061395122432,11,6,3,0.11326510087005494,-0.015990860697346312,0
817.8145538332526,9,6,3,0.44244423043096537,0.9095287245331902,0
940.4612383662387,14,5,4,0.1635141352511791,0.019241040713446088,0
3938.094637610986,23,2,4,8.136710862898298,3.7049249943774276,1
643.4730699478957,16,5,4,-0.07561355059191302,-0.1825102487712055,0
683.1223855533267,10,6,4,0.17822631524235016,-0.21361624985488897,0
952.4071624148762,13,5,3,0.0335211490005692,-0.05602744044130579,0
8955.674250075772,3,1,3,7.247232571795678,3.013469068203244,1
679.2518604435986,10,4,1,-0.06005585770486377,-0.1738320256745098,0
868.1630257239879,15,6,1,0.09378809076812987,0.04845739564615402,0
841.244215969574,11,1,2,-0.20960967354847324,0.10560088618128945,0
512.6323918759629,11,0,1,-0.1494568317999129,0.540297180206621,0
1215.818251282087,9,6,3,0.208902774314355,-0.3374788065306464,0
558.8695567968966,11,5,2,-0.02826930937763744,-0.019161175537347776,0
636.6339577883517,17,1,2,0.2503256297867397,-0.19583888815373834,0
1299.459306149599,14,1,2,0.5197409145088262,-0.07991912255775263,0
13577.394197690483,0,5,3,10.162438011788302,3.1778710817785707,1
991.8771543433223,16,2,1,0.40260050678645176,0.24770128599109784,0
735.7226641551227,8,6,1,0.2893824190364729,0.20629574535270384,0
1481.0134338480814,9,5,4,0.19719707688164334,0.09613485415381134,0
837.9032047608113,10,0,4,-0.4329102916538663,0.1344426433880119,0
15687.992520041724,2,1,1,7.519659019725023,0.0,1
387.0511316358866,11,0,3,0.23964903224988396,0.36808226293078167,0
1365.530620069217,13,2,4,0.0699106997669775,0.016861695926745558,0
764.3471119689647,8,0,3,0.6346881378114135,-0.4608816942132734,0
928.485147214113,10,4,3,-0.20071272372986523,0.10713860288139633,0
610.788429122309,20,0,4,0.1257980442242875,-0.4713293227711853,0
948.3319439641676,21,2,3,-0.7584555110302019,0.12292536588698691,0
17584.666063503206,23,3,4,6.232576870828522,3.66628506415022,1
437.9793126734712,17,4,2,0.469562540286791,-0.2751146839382282,0
713.2764639980246,7,4,4,0.6334962720159467,0.0511524558058948,0
914.4259015427739,17,4,4,-0.138213062509656,0.23120963462842897,0
1165.5372264535383,10,1,1,0.07899614235615988,0.18756357917383967,0
811.4928576215632,13,3,2,0.44206284368102067,0.2623027285339162,0
730.8677934465305,9,3,3,0.16040345596447658,0.034539410252342875,0
640.7055343850478,18,1,2,0.2665720222838272,0.0909305654850991,0
815.3403375911693,12,4,3,0.046942241928161196,-0.28027171924438793,0
9193.134234502886,2,2,2,6.522178648705006,0.0,1
989.3062352059889,9,5,3,0.03545525026866132,0.26669495412139443,0
765.7719445206837,20,0,4,0.881087889625123,0.18611171817940736,0
2000.0,3,0,1,5.831676811221996,2.370126718485709,1
11090.5394482963,0,2,3,6.929156691810102,2.9030321990586883,1
2000.0,1,3,3,6.132843247825921,4.492836439265921,1
1008.2263221609063,9,3,1,0.05757919875238659,0.41438370466767777,0
569.6481703641466,10,5,3,0.3506130981706692,0.31014283241969287,0
947.0552223176527,21,5,1,0.15271013684945497,0.21771239499561662,0
562.5331132083941,14,5,1,0.2814374747651704,-0.022731442937947325,0
1055.5583870857897,8,4,1,0.26654370458344934,0.30841606961975493,0
1052.0266170751706,19,2,3,0.3758271029940956,-0.811145304022002,0
990.4667901286277,14,5,4,-0.1908195733215862,-0.0846043445805629,0
946.4322646133439,14,1,4,-0.15402322786520603,0.589838241412677,0
766.8980585422612,7,0,4,0.31944772238228036,0.2063076555353346,0
796.3440315267451,9,1,3,0.39866179844880467,-0.12184009364129568,0
976.9901932211726,14,6,3,-0.28342650881354103,-0.01280492886824299,0
832.8785263762708,21,5,4,-0.19785404235018186,0.0708972846084602,0
17254.468389468417,3,0,1,6.97072845893731,1.4986041269916777,1
1062.520257550729,18,1,1,0.220092972492902,-0.06346398092415859,0
715.8299204381744,13,6,1,-0.277214742494411,-0.25820491294935766,0
824.3674891921221,19,3,4,-0.030260129977665667,-0.09473684584650169,0
1060.7170038757204,12,2,3,0.4136920360627797,0.12783718404582792,0
876.2723347780235,20,5,4,0.7832291345668294,0.31970555241601434,0
831.4427698271242,10,2,1,-0.5255084890039634,0.3155564581582559,0
1117.8434993421586,17,5,4,0.3047177529438378,-0.1824743841597351,0
5998.21191696132,2,5,2,9.273164810612458,4.038205995913644,1
14296.58072464082,23,3,2,9.202459227058146,3.677989020949652,1
1063.355173440158,15,1,1,-0.034845028930911265,-0.4038183983534963,0
931.9983227146877,10,1,4,0.3092464935763,0.37973247754996664,0
927.6482864117364,12,5,2,0.4653175562353409,-0.1035470601728694,0
15140.295213384468,1,3,4,8.12453941177991,3.3647784294477514,1
978.252931986647,19,4,1,0.40636668676573984,-0.05338726672370594,0
18161.38514252389,3,2,3,9.655389543248953,1.075054792637829,1
812.9185054112075,18,3,4,-0.05488927905845256,-0.1942230617104852,0
649.6705571787721,21,2,2,0.32978663581786993,0.5062659118459916,0
13047.130251823188,23,5,4,14.76926062447125,4.695746578994685,1
840.1470592229488,19,5,4,-0.3405918290945875,0.14113510667105125,0
824.7687857539802,16,6,3,0.4358191485995141,-0.3950775220898839,0
421.14793901990566,15,1,1,-0.054090878214473004,0.3237946969296362,0
656.6879701237744,10,3,1,0.3458029291179241,-0.17489816509922024,0
728.1415074233523,17,0,4,0.09159466453127682,0.03573717880988329,0
1264.1292315293604,11,6,4,0.13074171013094701,0.39135410913466534,0
1027.9252818995803,10,2,4,0.5587940436901886,0.13348261876338652,0
935.3146716907422,19,6,1,-0.3657522419900163,-0.449411932617314,0
957.1652279205085,7,3,2,0.3913019007877564,0.16123015626820114,0
8297.413929778802,2,1,4,8.173800097405831,5.172651833746064,1
1144.508267734806,9,2,2,0.8013535357516495,0.46356964550896773,0
946.8801785397392,18,4,1,-0.13222576549461493,0.2589452216112416,0
576.8683321358644,8,0,1,0.8904222263245,0.6066326852560427,0
22670.453248087688,2,3,2,12.012823478471002,0.0,1
441.74209828038,20,1,1,0.3457312506736415,0.04546223872957985,0
994.9394176926404,19,6,4,0.24407234575353,-0.3221107238153403,0
1011.3066885502526,7,2,1,-0.20249266588227857,0.15321238476405416,0
824.038697642021,17,3,4,0.107334616575936,-0.1124367458154774,0
1028.7877586553716,14,6,1,0.5106353895710688,0.16643895651759402,0
1222.187399002379,14,5,4,0.5176212762922765,-0.16410141625349847,0
884.0563578187202,15,2,2,0.12724000708301433,-0.27106033397288165,0
651.1056424797849,12,3,3,0.018587052120482644,-0.01802767432653943,0
1071.5951762514308,15,2,1,0.25231853549147576,-0.40747901845763684,0
953.7826895357202,21,2,2,-0.2905803710490513,0.6163635283862331,0
677.9138631171044,18,5,4,0.19263978305444973,0.07747385609916807,0
926.2115652092289,14,5,4,-0.6548285587318298,0.09033395013020809,0
1085.6593983136968,15,1,2,0.33624481131565753,-0.31412751622993634,0
802.7384181853338,14,6,2,0.14146153880598403,0.4847947272486143,0
1038.0970708135537,15,6,4,-0.4221508967083447,0.32747508581324164,0
989.5627433445421,13,3,3,0.12261986294381869,0.4050510153786036,0
1113.4444833143966,17,1,1,-0.014011418657658758,-0.37428833974313774,0
626.368160150867,8,6,2,-0.12500052087455343,-0.034174917915925175,0
963.2988523346617,19,1,1,0.01788880125466953,-0.13466328608411543,0
470.542194052269,20,1,1,-0.19094011853452206,0.31756584484254463,0
986.0602717915107,15,0,1,0.4713651063756191,-0.1264011823937098,0
904.3704291046886,10,3,4,0.14527645804194877,-0.002680160367591208,0
2821.4861551355225,23,5,4,9.578397685482162,0.15654530592507454,1
919.8954946031477,10,5,3,-0.10492754047555239,-0.09096048501314925,0
905.8219893153339,12,5,2,-0.12656582582510614,0.5474637053421345,0
949.8072244613884,12,4,2,0.35716310606698365,-0.2228036564103459,0
1192.6605782439124,9,1,1,-0.21318322144059262,0.22179780770247096,0
946.5352422709408,12,6,4,0.1702895081130693,-0.2571529211332289,0
937.0651298830765,11,1,2,0.07391200731819374,-0.10226897383350518,0
449.64454187619066,21,0,2,0.36228330367571926,0.2559697988607228,0
1198.9882622468792,18,5,2,0.943794774471617,-0.18928847913963917,0
14489.965880074815,4,3,1,10.305156766872843,2.837785686901278,1
6788.8123670784535,2,1,3,4.605900098589435,5.561888417560849,1
1068.877038097064,12,5,3,0.3286447725876058,-0.2021555064541682,0
910.6310695155735,8,3,2,-0.1097065559311779,-0.018824005190602604,0
1074.285755589638,10,3,4,0.2802877854099691,-0.13875641518284762,0
1195.1898096107018,20,0,2,-0.45271533860920155,-0.30268979327647594,0
721.0545962088347,9,1,2,0.21080741790997132,-0.18247191880118604,0
9968.437160537804,2,0,4,10.273638098299276,4.516328434456346,1
749.4216165542758,21,4,1,0.011979072680807848,0.21666051268993725,0
1055.5534778169852,17,1,3,-0.2135788344195422,-0.23692682403743393,0
788.9345562361968,21,6,3,0.06556661529942322,-0.49845147592155303,0
1164.1323311056335,19,1,4,-0.030088245546256304,-0.21391412450739414,0
969.8701245120859,7,1,3,0.21543056326149784,-0.05143494944633797,0
887.7351308342305,11,5,4,-0.3324052399202161,0.483573143240247,0
960.8733458060519,11,6,4,-0.06052614601301359,0.16507612291010976,0
22106.8601986772,3,4,3,9.804349134815288,0.8445272839054732,1
931.409713489069,18,0,1,0.4253759174391535,-0.38805145780151273,0
1067.0222491829156,7,3,3,0.574848834032,-0.15672372942930696,0
908.8424756208397,16,5,2,-0.26311961833483655,-0.11000363809515663,0
957.8238797379968,20,1,2,-0.12315827812869026,0.22188936149596866,0
1062.7527379932421,15,1,4,0.0536167724140273,-0.0522523686663596,0
7151.302735069773,4,0,4,2.0,1.9334956346346068,1
473.59074385373816,11,6,2,0.07464403554655798,-0.15667154386275203,0
969.5416904901914,15,2,1,0.5117027028599554,0.237752223501782,0
759.0653474260235,20,5,3,0.37157782044818644,-0.3058753524502329,0
793.3095305670552,20,0,4,0.09230828189569774,0.09270070682571029,0
1056.4700684835323,8,5,4,0.6466165664028527,-0.11991601688692914,0
890.0148178027495,21,3,1,0.22668670573760785,-0.18302965981713412,0
943.446238962105,12,2,2,-0.20592805561443903,0.2782637331940629,0
750.7803486694974,21,2,2,0.3425643248806055,0.3898040791660621,0
836.1786805978204,17,4,4,0.6492862866269695,0.13384230127430236,0
1065.9038084048145,18,0,1,0.1032948677747204,0.009001961559282037,0
1129.5625321467128,9,1,4,0.5921062281694933,0.3010428872632992,0
811.8695156860515,9,4,3,-0.27932910835316405,-0.40126310798786824,0
735.1037568617521,13,6,2,0.3809708067570363,0.6993074014674211,0
934.5175835444239,10,5,3,0.23756774086365065,-0.15795200895483447,0
642.5154837451938,16,3,4,-0.2555553741596952,0.12868961733815962,0
1142.8379657857004,14,3,2,0.5264880934246625,0.012786756923611795,0
996.4133671051051,14,5,4,0.26677360938983274,0.01389298943824199,0
1257.0336804144263,9,2,3,1.0178593686990471,0.02418233268615648,0
16466.737711987367,1,0,3,6.5296181353592555,2.0581571787102804,1
889.2434898363359,13,3,2,0.041506034164063926,0.23385882623143506,0
910.4933596712488,11,5,4,-0.03257300512390704,-0.25314299355741693,0
1154.8894433882479,12,0,4,0.31195975386934827,0.03401116140756702,0
937.5947174972209,19,0,2,-0.43202436164290425,-0.4621063127545232,0
528.0329186908743,16,6,4,0.5105408181295389,-0.22230557393366845,0
708.2234798342002,12,4,1,0.7619575921421206,-0.23527755267455397,0
662.2473891354298,10,0,2,0.0882703236350341,-0.34852000768030394,0
1134.249418693464,17,5,1,0.4082743211661465,0.2305811296489107,0
1055.4675152123489,13,1,2,0.8595714033226531,0.3050931144713568,0
935.479222927388,18,2,4,-0.4464051025773915,0.35747808425476985,0
20326.66478245373,1,6,3,13.125335425858077,0.9594734157631586,1
1244.7331441566594,21,1,3,0.008164285462013837,0.07174478539003822,0
794.1014581872395,8,3,1,-0.2298975037533024,0.3802870682411714,0
1042.76402729648,9,5,4,-0.011213115341931479,-0.5693806555504489,0
1052.5852964673873,7,4,1,0.12026664522424735,0.5029784394737089,0
1161.200348341365,12,0,4,-0.3741017953536605,0.5916587855831441,0
593.2277190167724,14,3,2,-0.1703102087764856,0.03223461080919491,0
988.5091248408106,13,3,3,0.1193768970829665,0.13658953152497283,0
692.9843771918718,14,1,2,0.18967544577524525,0.15800941263137291,0
600.6722620193348,7,0,1,0.3911493942591192,0.04103223519500972,0
804.179365817604,9,5,2,0.43011120420916693,-0.08219752946910093,0
15544.80770750175,23,3,4,9.344992985409482,1.8484829511235688,1
762.3255435538481,12,3,1,0.5059220732626177,-0.6412501788241763,0
20624.203672363292,4,6,3,8.983789237584682,1.766040992490445,1
943.7377193458026,21,1,2,0.1672891921544783,-0.07960803249427637,0
17520.344288929366,4,0,3,7.685056831042489,0.0,1
1096.5479022046115,15,0,1,0.2825355209289037,-0.20002525506205668,0
17140.32228901243,2,5,3,12.818030206424623,6.673790339658026,1
989.2144402964161,9,0,2,0.47057421649308173,0.2005253055858028,0
973.7501568164997,7,6,4,0.1579544739439595,0.09539960832421422,0
840.5353274604729,13,6,3,-0.10536680725394018,-0.4635899836586273,0
1035.7827126143789,17,1,1,-0.14283611872919827,0.31809816143390823,0
6549.876733674657,3,0,4,6.226520481891493,1.4627143900770674,1
17568.368073318685,2,1,4,7.263548271531343,5.716368294209958,1
968.9290452472105,17,5,1,-0.06560741870347297,-0.39272851571639567,0
34379.583208667966,1,4,1,2.0,0.0,1
944.615948525055,17,6,1,0.2872552817408598,0.5775038405207555,0
990.8840676428727,14,4,4,-0.3979663644259064,0.07786252967146153,0
829.8095235564044,9,1,1,0.6773488111037719,0.18325230934100672,0
19625.239334916172,1,3,3,8.035381226787782,4.687878141783112,1
945.645666027781,20,6,1,-0.0474622478471497,0.2070274245526186,0
1006.4618371106698,15,1,1,-0.005457420542987937,-0.1341217775603594,0
4436.61482524472,4,1,3,6.145020248809852,3.755925252068147,1
686.049517742062,7,1,4,0.0064326063233800385,-0.27116378687426246,0
25820.75127805236,1,4,3,13.633795376985423,2.89368702386048,1
874.9981939360845,7,1,3,0.27525072200568707,0.2336489151363094,0
842.5233276901648,16,3,2,0.41484958175899567,-0.1071915180800447,0
731.9687046074944,14,6,3,-0.18280397435940213,-0.36301585490671023,0
15100.110075372244,1,5,4,8.299107156542046,3.202614110306527,1
1010.8233002648186,15,6,4,0.08925257600021336,-0.11924500047882935,0
707.5817767316746,9,1,3,0.4798913671508097,0.5631409425994927,0
21320.604395777853,4,0,4,6.95431517130785,3.8484962749103775,1
18227.0099402138,2,3,1,4.857291886929988,0.0,1
1109.8347242882699,7,1,3,-0.06013878189776253,0.09442389167687633,0
907.1152953969249,18,6,4,-0.2509028003073257,-0.09573172216589239,0
678.5908635913024,16,5,2,-0.030409842116940228,-0.04020816624280968,0
13035.988082115993,1,4,4,17.423284726392605,5.043087731962972,1
13314.2481673859,2,2,4,3.986730438553262,2.030399200995526,1
599.4993087918206,17,4,1,-0.0808934937701011,-0.394508731661326,0
3526.2223403391745,4,0,2,14.710277799501643,5.800731833762661,1
979.1867748861647,11,6,4,-0.12521738547953373,-0.14786068434732047,0
972.6908675678146,18,1,1,0.4860526787936509,0.25892773608327246,0
3625.9034476230754,23,6,2,5.362009215306921,3.0386548473347794,1
1325.693946487033,12,3,4,-0.22713417576514325,0.05565399197542308,0
28313.866011981103,1,0,2,8.904432040177484,4.22200391965052,1
565.0634110591286,11,2,1,-0.1354337741467974,0.36464472494930805,0
683.2602345283879,13,2,4,-0.04549691727851721,-0.1332364363096546,0
14470.45893848991,23,0,1,2.0173589964985306,6.571241497242612,1
1127.2097367110857,21,0,1,-0.2258220747837437,-0.2345370689199984,0
947.5471204664556,8,4,3,0.12780383380870114,0.25771381745332067,0
1403.4948075067841,14,3,2,0.12539838421982913,-0.41038268321455884,0
808.2319013701399,8,4,4,0.022743640327062567,-0.11791588127580888,0
1047.5031136934174,18,4,1,0.4875059396976019,0.7415427228166408,0
732.5203552345076,11,6,2,0.4444769273547965,0.06775795089496571,0
1170.7171779138794,16,0,2,0.4247055789375206,-0.28950381743385306,0
902.2902583341308,8,1,3,-0.16693709788915925,-0.08347613053715186,0
664.6770561141396,15,6,2,0.38630449872750927,-0.19471792591238382,0
889.7605776366806,19,2,2,0.00026723969806893844,-0.14222414200990838,0
757.2250351927032,16,0,4,-0.09832072874214204,0.35718020366037556,0
852.1288745053952,19,1,2,0.7557591299252875,-0.37764193790530093,0
836.0657567285398,10,6,4,0.4903475045956093,-0.12634589479714656,0
692.8692494348377,14,3,2,-0.6131871475189943,0.07053598294549952,0
821.2517655550856,19,1,4,0.1648614028968064,0.06465239079052694,0
2054.1818438528626,1,3,2,9.57489999725759,0.9922237279772945,1
656.2373879152744,20,5,1,0.013514362561804369,-0.26281783923317353,0
1142.50376736632,8,4,4,0.6257942663652817,-0.2104032449291525,0
881.3402700693016,10,0,4,0.011629373601516599,-0.06619682197238483,0
1048.0028472608672,14,3,2,-0.10325346370753002,0.20892356724683075,0
896.6397684991423,12,0,3,0.13226025401609032,-0.20448436575913012,0
651.1588242278261,20,5,3,0.5727760865636169,0.27740975903093756,0
877.210508469025,7,6,1,-0.10827912867442063,-0.22993855025930068,0
1290.20251202526,13,5,1,0.11381744157313466,-0.6067341168130438,0
865.1654532390085,14,4,2,-0.10833957257760587,0.1935338062983364,0
702.6285843143526,17,1,2,-0.005679510484930775,0.21124444249193544,0
834.2949553754212,20,6,3,-0.41083358356799293,0.09915585857627854,0
1259.518904486863,9,6,1,0.572612994830662,-0.06963770714860718,0
886.403948803119,15,6,1,0.4698591229927028,0.46835595995294466,0
776.0668131742773,21,6,4,0.6182254859884302,0.0235350392333734,0
1009.7477637728254,19,4,3,0.42881926991715413,-0.0256821893223443,0
19728.852115444453,1,3,1,14.491893794517523,0.0,1
946.4339779252512,16,4,1,0.02846909470590922,0.025611414480776428,0
693.1383896651203,17,4,2,-0.22581036591024425,0.25525827115775784,0
825.617083735742,15,0,3,0.1872199533600467,-0.19423782854385577,0
843.0231867234851,16,1,1,-0.44014360752025417,-0.1751660817276657,0
868.2730325922623,11,1,4,0.2652773142680621,-0.2438922073920542,0
683.5145605223427,10,1,4,0.12358530085953627,0.26999989932891993,0
601.1188760361388,12,1,1,0.324929666097437,0.418827470773423,0
21930.929879880317,2,4,2,14.876436280091713,2.7255465963274883,1
977.0075875312202,10,0,2,0.23494459796696027,-0.3109868697493801,0
2000.0,2,0,2,13.519329319017553,4.937481063847116,1
729.6925621628463,10,0,3,0.18606733548778143,0.2935778590994893,0
871.841822716723,20,3,3,0.19959864803708038,0.22750590979321964,0
777.5806401880384,8,0,3,-0.25473517166193116,0.013397484289039922,0
880.7642126153336,12,0,1,0.8481781017183968,0.02390182178026934,0
5275.977129234439,1,3,3,9.167251069705241,5.856676612527826,1
450.5462889318289,8,5,1,0.3358597805958743,-0.31861387765396637,0
835.2416591426799,19,2,2,0.347714092427593,0.10446090478344564,0
583.6811201092115,20,6,3,-0.08137958485386224,0.21120452229649622,0
485.40331280174166,20,5,1,0.5420239244325269,0.31929365587415465,0
1046.154938227729,7,1,2,0.027214285779917732,-0.2221547461503359,0
936.6468874443813,20,5,1,0.3783227198653616,0.11169766801809149,0
1171.8375150480874,13,1,3,-0.2860722321609124,0.0688381093375289,0
10785.174432102584,4,6,3,2.3319643475880563,6.05712162858773,1
562.8805365230384,7,5,4,0.1485758101855204,-0.357103046450511,0
953.5422924687672,9,4,3,0.3025433979684694,0.2343543615671225,0
9789.630989118843,0,6,3,5.27972338388636,4.636140186548972,1
821.0789754280821,21,2,2,0.6806143550587329,0.8015290139270055,0
1007.6068879856502,12,5,4,0.41181071347556597,0.14718207073676645,0
952.5498450294277,18,6,2,0.4369283891324617,0.27274788066416294,0
386.6683118137405,18,6,3,0.18435194969304383,-0.4215493082030881,0
864.0777172337083,21,3,3,0.007861878074264389,0.04968364506979551,0
943.999336794353,16,4,2,-0.22326839866019757,-0.33264089248141177,0
1121.2577420119778,20,3,3,0.46081024196084375,-0.06825882460896611,0
918.1169813803491,12,4,3,0.18377246618006868,0.16400010978494547,0
769.143344662489,7,5,3,0.7061919096327496,-0.07806858916893633,0
680.6428843090721,14,1,2,-0.5559325936251702,-0.10285339587295102,0
939.5580163883704,13,6,1,0.667914665626763,-0.002483965178876091,0
3691.861410778778,0,4,3,12.476348339404106,2.729692785935168,1
543.2777740571632,15,2,1,0.13509407020716607,-0.030233374783796046,0
6259.565836932699,2,2,3,10.39833807916151,2.2391344780359765,1
721.1307907844943,12,3,1,0.06036963615606244,-0.4431428895337282,0
14248.116537723028,3,0,1,12.838082809771546,3.8966194115127584,1
714.684811718895,17,6,3,-0.1707519519329875,0.04622399764466059,0
677.3223916156303,15,5,4,0.4138156753143698,-0.12826634439885604,0
1064.1056950834839,11,3,3,0.6120302921256919,-0.6777641632732834,0
902.2890878182932,14,0,4,-0.09895212519102944,0.18954140976357864,0
1245.7990681771407,19,5,2,0.2189225506621203,0.07410201224525223,0
931.6238169810218,20,5,1,-0.09937600167757904,0.38483785683081406,0
11078.893214084965,3,1,1,3.805633420689632,0.8491604867623632,1
760.8114776658595,18,3,3,0.15084216135797818,0.18813288004474968,0
1039.8393463389775,19,1,2,0.21744881120443216,0.2904736777113882,0
4770.320257785026,23,3,1,8.888528970197807,0.6761995568003756,1
696.9864188542367,17,4,2,0.2898604970671864,0.2004593530672893,0
873.5542686937656,19,3,4,0.6833793376780685,0.35092385429565504,0
4585.417982231218,3,6,4,5.490716296332485,0.9718616142294412,1
994.2272586799859,21,6,4,-0.03870191165638606,-0.018499595761962247,0
8801.82403537312,0,4,1,16.480323084203157,0.07093526337282263,1
1149.9330534087553,7,4,4,0.2716727260561823,0.08425630461765667,0
987.9273212033987,11,5,3,0.7631922632179718,-0.06971017181303135,0
21042.014207808807,2,6,4,12.384569465421357,2.5062282883454343,1
993.0160419000613,13,4,2,-0.13136904987039164,0.42632278142093516,0
970.3512816798407,9,1,4,0.25133339429874046,-0.2743728834982054,0
672.1141997816851,16,2,2,-0.3051264254166156,-0.021350096655925993,0
965.7324004564962,18,3,4,-0.40373312828711516,0.11969457021070368,0
533.7187831569753,7,3,4,-0.1692478912563987,-0.25383064085319923,0
781.1700088606411,10,0,3,-0.13050669786437374,0.06232517928423715,0
850.8476999974197,14,1,1,0.022115790596267643,0.42885959237053195,0
963.1210007180681,15,6,2,0.04297849812977654,-0.24655058892226617,0
16882.317673358957,0,5,2,2.0,3.8142596064165524,1
989.6198727872408,19,1,4,0.13448017347430383,0.21520453728260316,0
954.4739510548479,15,3,4,0.551352015576768,0.21806185910892706,0
1068.3640133780123,7,5,3,0.16523212459097839,-0.5656718713330412,0
15921.44706522232,1,5,4,9.305195773726243,3.7633810689592275,1
1250.7382053402162,14,5,3,0.3264585677422128,-0.22462488719427529,0
1141.1707241776467,21,2,2,-0.5164283923025881,0.0258761508675017,0
949.7574619602166,8,5,2,-0.0986734457973778,0.8399091665511929,0
1376.5204565368147,12,2,3,0.12834099754589146,-0.3872239610746855,0
760.5152353399446,8,4,1,0.7320654199834438,0.28832804583606486,0
932.8781405954604,20,5,1,0.19946250854010777,0.44042454679958914,0
603.5629205114358,10,2,3,-0.4134419479191377,0.037409183295404054,0
15082.684505458838,2,2,4,15.800555936700075,2.7353086532850273,1
1029.4969381418948,10,4,2,0.32586165014466417,-0.5203157287346702,0
727.3309470521236,15,4,3,0.49675129945693675,-0.20099852906346674,0
873.2354070967917,16,5,4,-0.016336386664787164,0.3624788476441501,0
919.8069642014402,13,1,1,0.1730196749201618,-0.23435730784410178,0
1172.5285279606683,9,1,1,-0.18332686352092745,-0.30709432850996726,0
818.9461469101336,21,5,3,0.29427223091850574,0.4041969724840676,0
1085.4876963116362,13,4,2,0.31179092400964487,-0.25580793439044597,0
858.9676622267912,17,3,4,0.06570334959857571,-0.08441099757171029,0
579.7444125762293,19,3,3,-0.1285974571480971,0.234638471728422,0
918.0979563255748,10,1,4,0.08991896801315741,0.16947518438187364,0
11194.00704549906,23,6,4,11.191436801117078,4.057654986769226,1
774.3867832549251,21,5,3,-0.09333672946481486,0.1638267692494286,0
843.127232391981,10,1,3,0.39039964136615934,0.4210411154302513,0
1018.1812645586709,17,2,2,0.3987816054466774,0.1453930533935107,0
791.3008984134731,21,6,3,-0.45704312058204977,0.14743577698187707,0
1004.9014750572172,15,2,1,0.049967279799404136,-0.5324829133736181,0
25463.32499023871,4,0,2,10.452176839083144,2.975940160202107,1
11691.158058044655,3,6,1,12.470296787732623,3.489552567597314,1
2000.0,2,0,4,12.917299725261655,4.444548294356005,1
1190.2357698042129,12,0,4,0.6523766843280713,0.16727275284744486,0
24189.93879858194,23,5,4,7.884233070740941,4.15466548356936,1
975.8560068730326,16,6,4,0.09966408340063296,0.09091448487981503,0
871.5993571184957,7,2,2,0.423702891770834,0.021040655509838215,0
1535.770735873507,21,2,3,-0.20543528345560566,-0.7875440052290407,0
749.2944839285244,8,4,1,0.13563896197087055,-0.09134334232395809,0
12469.076614708449,4,0,1,5.143475631199795,2.1541714883549945,1
1149.5899970118865,12,4,3,-0.4269430162238942,0.28125687652492726,0
875.4630725009746,15,3,1,-0.02266972706263684,-0.06822618922669693,0
997.3944961571164,9,0,3,0.15190214189566775,0.06025508918277904,0
548.4543217286737,13,3,1,0.28648039393629143,0.3490487442919421,0
716.9687768308147,14,6,3,-0.47466954934069827,0.574630407471858,0
663.0112467165951,13,4,2,-0.4539011033361441,-0.247239216401843,0
1180.7642784133113,21,3,2,0.10159685813551016,0.39301190786008505,0
1125.7944585441783,14,2,2,-0.11584446379356428,-0.1456188608742369,0
562.7063697531796,20,0,4,0.8178030169054724,0.17840706341105514,0
769.0424609141219,9,6,4,-0.49524296693869874,0.11091177769173902,0
1017.4518333605585,11,0,1,0.36673819525810225,-0.13903338408761887,0
8512.88844953129,23,5,2,6.454216951094332,4.47228852452211,1
14497.546214848357,1,4,1,9.598099024180538,3.303179689639046,1
1070.257114968958,20,6,4,0.2593669685777744,-0.2495283522788429,0
13151.522560804078,2,0,2,15.376465653577078,1.6086417609666328,1
862.4658018143095,20,0,1,0.274118789457581,-0.5816257881010576,0
610.5775055153825,18,6,2,0.4242568614852613,-0.13535260717182435,0
746.8929445140574,9,2,2,-0.03931411765863452,-0.09368045838199586,0
724.6278443664823,18,5,4,0.32483710462196913,-0.1254805171091428,0
695.8753960973324,13,0,4,0.5292757056473057,-0.2674588364016109,0
937.9686785674886,7,0,2,-0.10703466234558379,0.10557923124559722,0
962.8154447739598,19,0,1,-0.09306833748519439,0.015495514334194545,0
962.7816422915107,13,4,3,0.24080819788623223,0.36851831050031536,0
1307.0146605462135,13,1,1,-0.004214850079559532,-0.18768723192041883,0
36916.033064866446,3,0,3,9.909642293744353,2.6416680135731734,1
731.3539459414258,19,3,1,0.20989988009501312,0.10213213305046363,0
805.6447932723329,13,4,2,0.17467407960250886,0.1260968489328387,0
542.6584977263844,7,4,3,-0.06112909686983392,0.22733302828085614,0
945.8422748230137,10,3,3,0.5565101358210877,-0.18643859027333223,0
916.7242154821115,20,5,1,-0.57284828648313,0.4160978189726514,0
758.5470940097073,9,6,2,0.13413986960208893,0.04772887265670172,0
1167.4796214885487,16,5,1,-0.5658422775869159,0.25892625541360653,0
509.7929622692327,8,4,3,0.15957358620445505,-0.22088193496150063,0
644.0318084719959,20,6,3,-0.06115813820402541,0.18971285776973953,0
1310.536996389178,12,1,1,-0.018091241389113277,0.7253416608349338,0
12903.166218042967,23,2,2,14.044546265436539,2.8890479674873304,1
615.253112920188,19,4,4,0.4869789095854723,0.23548628660637544,0
576.0256011216461,18,0,2,-0.08624641570417657,-0.04969514270520643,0
940.6776481239887,11,0,2,-0.07577546313547545,0.4944336485471639,0
1192.2357733440658,12,6,4,0.2479803381517297,-0.3150516359042131,0
795.735416272543,16,6,4,-0.13573888081483193,-0.027095703076538996,0
979.9548453446873,19,6,2,0.23129670206029188,-0.1423538800857117,0
1157.466222321013,12,0,1,-0.5705106493695998,0.1770961718959171,0
1053.4634480922455,10,2,2,0.2662990013897172,-0.36381563971277703,0
720.0610427024492,19,2,3,0.39869044183534974,0.3920998660212048,0
876.4915665343739,7,2,1,-0.07595469527598928,-0.3845553743185996,0
756.1039533430419,17,4,4,0.3471162781131377,-0.42379230678036645,0
944.7191097549364,16,5,3,0.19975969392929221,-0.5921048029225804,0
797.5514541856926,21,3,1,0.00034944104829839895,0.48822040183940574,0
639.4695766331072,12,1,1,-0.019158292975122157,-0.2018913053182394,0
832.8121549919705,15,2,1,0.31780870991174237,0.251760406545679,0
967.5149097597867,19,1,3,0.1784261238189905,-0.20946643791977176,0
605.8387410994685,18,2,2,0.3827780862699377,-0.23524268804112264,0
973.0888128728157,20,3,3,0.17468017311899736,0.06316040123677402,0
13643.309020021677,4,0,1,6.625857124697205,6.9093850308224924,1
607.3115996325994,18,3,2,0.35318106746600664,-0.4086152492557957,0
1033.117047262686,14,3,2,-0.47413392044867786,-0.16148972859499483,0
951.0426833711749,11,5,4,0.368139623780637,0.2104052515034478,0
1220.8508723034283,21,1,3,0.35438762303911,0.1463974112413762,0
841.565762839289,12,6,4,0.04501073307182205,-0.4049602236887148,0
886.172413054772,16,3,3,-0.011425320824620583,-0.08376627576350511,0
1067.1615792628675,19,1,4,0.4197932889229403,-0.03817599269558627,0
910.8707170780765,14,2,3,0.26592303610757345,0.019482926265222782,0
1264.2597701626219,13,6,4,-0.23361327630776033,-0.35540539309869723,0
501.8376009752005,7,0,3,0.04105047388056781,-0.28294797731081683,0
1299.3461783383573,17,4,1,-0.12338700693156893,-0.19694583204561716,0
932.5506130210011,8,6,1,-0.22327497428111379,0.45037075914816305,0
818.584352729935,18,2,4,-0.19733189467620513,-0.48151679370117706,0
553.8656788985563,7,3,2,0.29162781450279307,-0.4943331423313413,0
772.0496934500504,20,3,4,0.0729422759867835,-0.27160956380454965,0
16669.196654986954,23,2,2,8.00108041635272,7.938392073385636,1
705.9700960697174,17,4,4,0.08726985697626755,0.00551826467139595,0
1267.477335097504,18,3,1,0.22674022727116802,-0.31663013428671133,0
12471.001024252102,2,3,4,2.0,0.0,1
1042.245315958571,16,4,1,-0.2649811145868215,-0.2286587793111747,0
950.5769629939798,11,3,1,0.16728681982507737,-0.4031696735074001,0
993.5018684504091,11,4,2,0.12030137741881286,-0.17520879996660232,0
926.0549042945772,12,4,4,0.33680996670091157,0.22464416579474308,0
1048.6508342406885,8,5,1,0.1382087426969457,-0.10023622001409253,0
842.7502532888616,18,6,3,0.5233950957630136,0.21125710353695007,0
808.4601138086349,16,5,2,0.5133208708824233,-0.32368715611459015,0
655.1061936558999,16,3,1,0.871755231090919,0.2506844783658733,0
1027.381256674442,21,4,3,-0.2220847187412701,0.2805326283068351,0
1007.6230874007852,16,6,3,0.2550108455945399,-0.5283868213927635,0
649.9368922153708,8,2,2,-0.06813464293831187,-0.0846087143369834,0
608.5688360288667,10,1,1,-0.18318605741660063,-0.10597310754828249,0
13895.623397747731,4,5,2,11.550825027135653,2.274778099126166,1
962.4018943102487,17,3,3,-0.012831257167874671,0.13266661861097986,0
825.656660682861,21,0,2,0.13784955892929238,0.17908376919266497,0
695.5439436705341,11,5,4,-0.39930691799906026,-0.2060812864997538,0
715.4227116209465,14,6,1,-0.19870706805254199,-0.1344869320932701,0
935.3024842744894,13,2,3,-0.15978196514968576,-0.1111111828983321,0
850.9878697618595,9,5,3,-0.09029929805766365,0.004465762562278635,0
968.3111101881019,11,0,2,0.570999545499684,0.012361820034485905,0
956.5173965838593,12,3,2,0.06773987672018081,0.08033225924775332,0
733.3262388101189,16,5,3,0.7818975477938167,0.0023982088646440085,0
932.038118663415,9,0,3,0.4400706108626875,-0.33175055464563535,0
2000.0,0,0,3,6.230108228599956,4.025189986862457,1
962.2905668606879,15,2,4,-0.10287400920908457,0.3271415973415696,0
24855.83522612018,2,1,3,11.287748804434706,5.243568301969177,1
900.0168786182828,17,0,4,0.11278930733132406,0.18467558635838646,0
1181.4963722627433,18,0,2,0.3479221929679774,-0.015470351842864077,0
754.9547870928493,8,2,3,0.22491044444168656,0.10006470349086148,0
838.5833563330847,18,4,3,-0.026768294839623896,0.10702688709250739,0
676.0928249458948,16,4,1,0.45890184561107406,0.78794547271107,0
939.3552193313915,20,3,4,-0.08043824346770176,-0.01678362961358047,0
693.8372559457692,11,4,2,-0.009328525419272413,0.12073222600305644,0
1112.7703065468718,10,2,3,0.3983051404372955,0.1578606054371687,0
1187.5553879832923,15,4,4,-0.1238349448828178,0.11253244912625722,0
1171.8441200591224,21,1,1,0.19167405757074402,-0.2207255970750959,0
858.912488426474,18,1,1,-0.15992484159783163,-0.08701973218117552,0
1047.8825344601896,9,1,2,0.028114853369605924,-0.2761367268747899,0
617.4468232215268,15,6,2,-0.0644218799734469,0.16179136588286222,0
692.0031787519009,21,4,3,0.21713647961616467,-0.38072688445794367,0
4055.0172299735605,3,4,4,4.802654142700105,5.471996965526786,1
12565.275160656627,3,6,1,8.151519977958396,2.8932503111429786,1
966.8590256995429,19,3,1,0.30731876976006317,-0.21821032219773956,0
991.3550475114823,18,6,1,0.26469486222307326,-0.02159957773193654,0
890.2563196139764,9,4,1,0.24883621242663573,-0.19345809199119887,0
1023.1958845150991,14,6,1,0.21827129483260924,0.7170668131955412,0
940.5594553795559,14,4,1,0.09942447999728375,0.021298414627484448,0
788.0855427901021,11,3,1,0.3791133572868677,-0.5687955597438192,0
1244.1539662331968,13,2,4,-0.15960284963055024,-0.007026887760244596,0
913.8762270265557,11,1,1,0.6047150756020294,-0.10741880087135236,0
751.2823542374872,17,5,4,0.11094422668426945,0.08517180035264205,0
880.3029030981153,19,1,2,-0.061860554576341986,0.29875761731170825,0
1021.752294444888,8,3,1,0.33068976147212364,-0.13241469370978495,0
5806.725675690914,3,3,3,9.588936211915968,0.0,1
1080.0369128039927,7,1,3,0.2455594694433121,-0.47568101238007665,0
487.35234463905147,11,3,3,-0.02316019640450445,0.926553658458085,0
681.3057259076033,11,1,2,0.19104007024500091,-0.13386157930417872,0
881.1474891494886,8,0,3,0.2954621861931877,-0.17210090725752566,0
1125.4482413936066,9,0,3,-0.14273779548231194,-0.009223149678158946,0
840.6858092930584,8,4,2,0.1302810375205464,-0.5750447615295229,0
1003.0820805801621,18,3,4,0.0659938006480579,-0.24790295304867246,0
1004.8375685625542,11,4,1,0.06337483360858247,0.07699031432445883,0
1318.6336617861189,7,0,3,-0.3598594635058121,-0.32258651406641237,0
1086.3146025748488,8,2,2,-0.8191339598937187,0.16698499970326627,0
1281.012042812894,18,5,3,0.4507810327210514,-0.014971617326013788,0
34070.88830385498,2,6,1,8.400571649840305,1.499561859515735,1
1023.0513533937122,14,3,1,-0.25927648671024717,0.2418300650400409,0
954.6408045704245,11,1,1,0.18304591879924625,0.1379700798923311,0
888.6433611214617,9,1,4,0.3138992276035298,-0.11203288990485452,0
26843.624271445486,23,4,3,2.0,3.4242274022624484,1
307.09423243166975,8,0,3,-0.01766780387608491,-0.4143491794472321,0
1212.2876403607147,9,4,4,0.5927980880308702,-0.14306520690998342,0
606.5909509218019,9,5,4,0.08882522423436193,-0.09186062369146435,0
868.0703385155966,7,1,3,0.20964620351155142,0.4704619341191496,0
26448.793324714377,4,2,1,13.558241034320247,0.9455388066246813,1
910.2284117104324,12,4,1,0.5307934374405328,0.012100921666407208,0
1058.1603442357978,19,4,2,0.30268198994934353,-0.4431923262951996,0
1230.18558644625,13,0,3,-0.05222017292012757,0.5330159541352861,0
1259.512233328928,18,3,2,0.22648504897294888,-0.2272835173626742,0
859.7790690962339,15,1,1,0.1834998818711513,-0.2720810955287702,0
832.148303223197,20,3,3,0.23806559183051904,-0.3837761916525799,0
1025.0170402496308,20,5,2,0.5438771120952806,-0.46675182349948047,0
587.8083294011115,9,3,1,0.597212836069749,0.2809201251043941,0
726.8337768613513,11,5,4,-0.4127678311730466,0.31715678107240974,0
1023.8342233950787,14,1,3,0.20194257234712917,0.03214652185179704,0
885.8639236695857,18,6,2,-0.09672303872969418,0.1970455580160413,0
9143.936536754285,1,5,1,9.537335837253632,1.290030438183237,1
1003.2595144202902,19,5,3,0.08169479469147753,-0.053571590368156105,0
1245.7395288811185,13,2,2,-0.19940707798816334,-0.01845470388139122,0
763.8140911192118,10,0,1,0.12940057422981488,-0.02691923097348556,0
987.7986317476598,13,2,4,0.5649671698387377,-0.05324324612807624,0
894.8274304092287,13,5,2,-0.4428850906751688,0.04098068490381023,0
706.9766475535256,12,3,4,-0.03664437465644518,-0.37462278321231346,0
747.3885580610465,11,1,1,-0.08422543260331045,0.1637381279549858,0
2000.0,0,5,1,6.358637074193549,6.8158969866937635,1
864.0961573434798,13,6,2,-0.047066645011632574,0.08114561583305974,0
741.1727419949152,19,4,1,0.42719798082643967,-0.4404791279606542,0
1119.9959300684168,20,1,3,0.20720949164670222,-0.019513701815642732,0
1049.8867799455481,14,5,1,0.035860941445013186,-0.44316238903830946,0
973.3062814474459,17,2,4,-0.06313484130581701,-0.47439323445329784,0
982.7780570745387,9,3,1,0.26233925146541215,0.28182612653945427,0
1236.3633238601647,9,6,2,-0.14938575078532287,0.08462636725046392,0
1016.5310483975414,13,0,3,-0.08962574684267327,-0.011678760145452197,0
896.4874347045109,15,6,3,0.3903176160338421,0.09848218862430914,0
822.0380393688464,9,1,1,0.008508034386070007,0.29082293722446156,0
831.5318122672236,12,1,1,0.026701343446141293,-0.26502754682629076,0
7260.079380998124,3,4,1,4.763602931220367,2.600736350644734,1
718.9041889279879,12,3,4,0.28325347492325625,-0.20155432192836173,0
1071.3587965133054,15,5,1,-0.1643715342308151,-0.010403775005576961,0
902.4988237455375,10,5,3,0.04590789314513979,0.1455909849189422,0
966.614074523651,7,1,2,0.23185484328742859,0.2833247605620818,0
1202.2456866553443,9,5,4,0.06107913904344905,-0.3085512722823809,0
834.4653811276078,7,4,3,0.10351492531580958,0.011793919807288892,0
841.3616826702477,16,3,3,0.21438141702429264,0.11257724345002074,0
935.8551269912632,9,0,1,0.2455245301192389,-0.13992495180223036,0
738.6802191385254,21,5,1,0.15389400423401606,-0.021723701649163107,0
863.0275272909479,17,0,2,0.42053862017328947,0.6898992208844515,0
1122.5931783320527,13,2,3,-0.3128129994719444,0.0012922927029479076,0
673.3425571993039,9,3,1,0.7363430207901002,-0.029950374148635096,0
709.9955890178837,7,4,4,0.10416946279975337,0.0012398647964598276,0
755.6883932914305,21,2,2,0.07398858974736292,-0.43582726402864413,0
12597.533934109495,0,0,3,16.48669994026376,2.50025548182888,1
778.9998574382538,9,4,4,0.08633256197363774,0.17513596358788444,0
828.7472057877148,8,3,2,0.39387560234679186,0.05977141237477177,0
